{"content":[{"id":"7e1dc3ba","settings":{"content_width":{"unit":"px","size":600,"sizes":[]},"background_background":"classic","background_image":{"url":"http:\/\/lms.blogdu.de\/wp-content\/uploads\/2023\/01\/marketplace-hero.png","id":7629,"alt":"","source":"library"},"background_position":"center center","background_repeat":"no-repeat","background_size":"cover","margin":{"unit":"px","top":"0","right":0,"bottom":"0","left":0,"isLinked":false},"padding":{"unit":"px","top":"50","right":"10","bottom":"65","left":"10","isLinked":false},"margin_tablet":{"unit":"px","top":"0","right":0,"bottom":"0","left":0,"isLinked":false},"margin_mobile":{"unit":"px","top":"0","right":0,"bottom":"0","left":0,"isLinked":false},"padding_tablet":{"unit":"px","top":"40","right":"10","bottom":"50","left":"10","isLinked":false},"padding_mobile":{"unit":"px","top":"30","right":"10","bottom":"40","left":"10","isLinked":false}},"elements":[{"id":"541c4a01","settings":{"_column_size":100,"_inline_size":null},"elements":[{"id":"7cb521f0","settings":{"title":"Courses","title_color":"#FFFFFF","typography_typography":"custom","typography_font_family":"Poppins","typography_font_size":{"unit":"px","size":48,"sizes":[]},"typography_font_size_tablet":{"unit":"px","size":42,"sizes":[]},"typography_font_size_mobile":{"unit":"px","size":38,"sizes":[]},"typography_font_weight":"600","typography_line_height":{"unit":"em","size":1.35,"sizes":[]},"_margin":{"unit":"px","top":"0","right":"0","bottom":"0","left":"0","isLinked":false},"_margin_tablet":{"unit":"px","top":"0","right":"0","bottom":"0","left":"0","isLinked":false},"_margin_mobile":{"unit":"px","top":"0","right":"0","bottom":"0","left":"0","isLinked":false},"_padding":{"unit":"px","top":"0","right":"0","bottom":"0","left":"0","isLinked":false},"_padding_tablet":{"unit":"px","top":"15","right":"0","bottom":"0","left":"0","isLinked":false},"_padding_mobile":{"unit":"px","top":"10","right":"0","bottom":"0","left":"0","isLinked":false},"align":"center"},"elements":[],"isInner":false,"widgetType":"heading","elType":"widget"},{"id":"779987f2","settings":{"editor":"<p>Make learning and teaching more effective with active participation and student collaboration<\/p>","text_color":"#FFFFFF","typography_typography":"custom","typography_font_family":"Inter","typography_font_size":{"unit":"px","size":16,"sizes":[]},"typography_font_size_tablet":{"unit":"px","size":15,"sizes":[]},"typography_font_weight":"400","typography_line_height":{"unit":"em","size":1.76,"sizes":[]},"_margin":{"unit":"px","top":"0","right":"0","bottom":"0","left":"0","isLinked":false},"_margin_tablet":{"unit":"px","top":"0","right":"0","bottom":"0","left":"0","isLinked":false},"_margin_mobile":{"unit":"px","top":"0","right":"0","bottom":"0","left":"0","isLinked":false},"_padding":{"unit":"px","top":"0","right":"40","bottom":"0","left":"40","isLinked":false},"_padding_tablet":{"unit":"px","top":"0","right":"30","bottom":"0","left":"30","isLinked":false},"_padding_mobile":{"unit":"px","top":"5","right":"0","bottom":"0","left":"0","isLinked":false},"align":"center","typography_font_size_mobile":{"unit":"px","size":14,"sizes":[]}},"elements":[],"isInner":false,"widgetType":"text-editor","elType":"widget"}],"isInner":false,"elType":"column"}],"isInner":false,"elType":"section"},{"id":"3bd46ff7","settings":{"content_width":{"unit":"px","size":1240,"sizes":[]},"margin":{"unit":"px","top":"0","right":0,"bottom":"0","left":0,"isLinked":false},"margin_tablet":{"unit":"px","top":"0","right":0,"bottom":"0","left":0,"isLinked":false},"margin_mobile":{"unit":"px","top":"0","right":0,"bottom":"0","left":0,"isLinked":false},"padding":{"unit":"px","top":"70","right":"0","bottom":"120","left":"0","isLinked":false},"padding_tablet":{"unit":"px","top":"70","right":"20","bottom":"70","left":"20","isLinked":false},"padding_mobile":{"unit":"px","top":"50","right":"15","bottom":"50","left":"15","isLinked":false}},"elements":[{"id":"503c00a2","settings":{"_column_size":100,"_inline_size":null,"margin":{"unit":"px","top":"0","right":"0","bottom":"0","left":"0","isLinked":false},"padding":{"unit":"px","top":"0","right":"0","bottom":"0","left":"0","isLinked":false}},"elements":[{"id":"1e635ea4","settings":{"html":"<style>\n\nspan.tutor-course-wishlist {\n    display: none;\n}\n.tutor-course-loop-meta {\n    display: none;\n}\n.tutor-course-search-field {\n    margin-top: 10%;\n}\n.tutor-course-filter-wrap {\n    display: none;\n}\n.tutor-course-lising-category {\n    display: none !important;\n}\n@media (max-width: 767px) {\n.elementor-icon-box-wrapper {\n    display: inline-flex;\n}\n.elementor-widget:not(:last-child) {\n    margin-bottom: 0px;\n}\n}\n@media (max-width: 767px) {\n.tutor-course-filter-wrapper .tutor-course-filter-container>div>div {\n    padding-right: 20px;\n}\n.tutor-wrap.tutor-courses-wrap.tutor-container.tutor-course-filter-loop-container {\n    margin-top: 20px;\n}\n}\n<\/style>"},"elements":[],"isInner":false,"widgetType":"html","elType":"widget"},{"id":"229e854e","settings":{"selected_icon":{"value":"","library":""},"title_text":"","description_text":"","position":"left","primary_color":"#1950D1","icon_space":{"unit":"px","size":7,"sizes":[]},"icon_space_tablet":{"unit":"px","size":6,"sizes":[]},"icon_space_mobile":{"unit":"px","size":5,"sizes":[]},"icon_size":{"unit":"px","size":19,"sizes":[]},"text_align_mobile":"left","title_color":"#0A083B","title_typography_typography":"custom","title_typography_font_family":"Poppins","title_typography_font_size":{"unit":"px","size":18,"sizes":[]},"title_typography_font_size_tablet":{"unit":"px","size":17,"sizes":[]},"title_typography_font_size_mobile":{"unit":"px","size":16,"sizes":[]},"title_typography_font_weight":"600","title_typography_line_height":{"unit":"em","size":1.17,"sizes":[]},"_margin":{"unit":"%","top":"0","right":"0","bottom":"0","left":"0","isLinked":false},"_margin_tablet":{"unit":"px","top":"0","right":"0","bottom":"0","left":"0","isLinked":false},"_padding":{"unit":"px","top":"0","right":"0","bottom":"0","left":"60","isLinked":false},"_padding_tablet":{"unit":"px","top":"0","right":"0","bottom":"0","left":"10","isLinked":false},"_margin_mobile":{"unit":"px","top":"0","right":"0","bottom":"0","left":"0","isLinked":false},"_padding_mobile":{"unit":"px","top":"0","right":"0","bottom":"0","left":"10","isLinked":false}},"elements":[],"isInner":false,"widgetType":"icon-box","elType":"widget"},{"id":"53c00712","settings":{"shortcode":"[tutor_course orderby=\"ID\" order=\"desc\" count=\"9\" column_per_row='3'\ncourse_filter='on']","_margin":{"unit":"%","top":"-3","right":"0","bottom":"0","left":"0","isLinked":false},"_padding":{"unit":"px","top":"0","right":"0","bottom":"0","left":"0","isLinked":false},"_margin_mobile":{"unit":"%","top":"-8","right":"0","bottom":"0","left":"0","isLinked":false}},"elements":[],"isInner":false,"widgetType":"shortcode","elType":"widget"}],"isInner":false,"elType":"column"}],"isInner":false,"elType":"section"}],"page_settings":[],"version":"0.4","title":"Course List - Tutor 2023","type":"page"}