{"content":[{"id":"729f8103","settings":{"content_width":{"unit":"px","size":750,"sizes":[]},"background_background":"classic","background_image":{"url":"http:\/\/lms.blogdu.de\/wp-content\/uploads\/2023\/01\/marketplace-hero.png","id":7629,"alt":"","source":"library"},"background_position":"center center","background_repeat":"no-repeat","background_size":"cover","margin":{"unit":"px","top":"0","right":0,"bottom":"0","left":0,"isLinked":false},"padding":{"unit":"px","top":"50","right":"10","bottom":"50","left":"10","isLinked":false},"margin_tablet":{"unit":"px","top":"0","right":0,"bottom":"0","left":0,"isLinked":false},"margin_mobile":{"unit":"px","top":"0","right":0,"bottom":"0","left":0,"isLinked":false},"padding_tablet":{"unit":"px","top":"40","right":"10","bottom":"50","left":"10","isLinked":false},"padding_mobile":{"unit":"px","top":"30","right":"15","bottom":"40","left":"15","isLinked":false}},"elements":[{"id":"3719af23","settings":{"_column_size":100,"_inline_size":null},"elements":[{"id":"b15bdf5","settings":{"title":"Meet our instructors","title_color":"#FFFFFF","typography_typography":"custom","typography_font_family":"Poppins","typography_font_size":{"unit":"px","size":48,"sizes":[]},"typography_font_size_tablet":{"unit":"px","size":42,"sizes":[]},"typography_font_size_mobile":{"unit":"px","size":38,"sizes":[]},"typography_font_weight":"600","typography_line_height":{"unit":"em","size":1.35,"sizes":[]},"_margin":{"unit":"px","top":"0","right":"0","bottom":"0","left":"0","isLinked":false},"_margin_tablet":{"unit":"px","top":"0","right":"0","bottom":"0","left":"0","isLinked":false},"_margin_mobile":{"unit":"px","top":"0","right":"0","bottom":"0","left":"0","isLinked":false},"_padding":{"unit":"px","top":"0","right":"0","bottom":"0","left":"0","isLinked":false},"_padding_tablet":{"unit":"px","top":"15","right":"0","bottom":"0","left":"0","isLinked":false},"_padding_mobile":{"unit":"px","top":"10","right":"0","bottom":"0","left":"0","isLinked":false},"align":"center"},"elements":[],"isInner":false,"widgetType":"heading","elType":"widget"},{"id":"159df66d","settings":{"editor":"<p>Make learning and teaching more effective with active participation and student collaboration<\/p>","text_color":"#FFFFFF","typography_typography":"custom","typography_font_family":"Inter","typography_font_size":{"unit":"px","size":16,"sizes":[]},"typography_font_size_tablet":{"unit":"px","size":15,"sizes":[]},"typography_font_weight":"400","typography_line_height":{"unit":"em","size":1.76,"sizes":[]},"_margin":{"unit":"px","top":"0","right":"0","bottom":"0","left":"0","isLinked":false},"_margin_tablet":{"unit":"px","top":"0","right":"0","bottom":"0","left":"0","isLinked":false},"_margin_mobile":{"unit":"px","top":"0","right":"0","bottom":"0","left":"0","isLinked":false},"_padding":{"unit":"px","top":"0","right":"120","bottom":"10","left":"120","isLinked":false},"_padding_tablet":{"unit":"px","top":"0","right":"100","bottom":"10","left":"100","isLinked":false},"_padding_mobile":{"unit":"px","top":"0","right":"0","bottom":"10","left":"0","isLinked":false},"align":"center","typography_font_size_mobile":{"unit":"px","size":14,"sizes":[]}},"elements":[],"isInner":false,"widgetType":"text-editor","elType":"widget"}],"isInner":false,"elType":"column"}],"isInner":false,"elType":"section"},{"id":"5453c255","settings":{"structure":"40","margin":{"unit":"px","top":"0","right":0,"bottom":"0","left":0,"isLinked":false},"margin_tablet":{"unit":"px","top":"0","right":0,"bottom":"0","left":0,"isLinked":false},"margin_mobile":{"unit":"px","top":"0","right":0,"bottom":"0","left":0,"isLinked":false},"padding":{"unit":"px","top":"70","right":"0","bottom":"50","left":"0","isLinked":false},"padding_tablet":{"unit":"px","top":"50","right":"10","bottom":"40","left":"10","isLinked":false},"padding_mobile":{"unit":"px","top":"30","right":"10","bottom":"20","left":"10","isLinked":false},"content_width":{"unit":"px","size":1160,"sizes":[]}},"elements":[{"id":"6550c6b5","settings":{"_column_size":25,"_inline_size":null,"border_radius":{"unit":"px","top":"8","right":"8","bottom":"8","left":"8","isLinked":false},"box_shadow_box_shadow_type":"yes","box_shadow_box_shadow":{"horizontal":0,"vertical":2,"blur":4,"spread":0,"color":"rgba(0, 0, 0, 0.08)"},"box_shadow_hover_box_shadow_type":"yes","box_shadow_hover_box_shadow":{"horizontal":0,"vertical":4,"blur":8,"spread":0,"color":"rgba(0, 0, 0, 0.1)"},"margin":{"unit":"px","top":"0","right":"25","bottom":"0","left":"25","isLinked":false},"margin_tablet":{"unit":"px","top":"0","right":"15","bottom":"0","left":"15","isLinked":false},"margin_mobile":{"unit":"px","top":"0","right":"10","bottom":"0","left":"10","isLinked":false},"padding":{"unit":"px","top":"0","right":"0","bottom":"30","left":"0","isLinked":false},"padding_tablet":{"unit":"px","top":"0","right":"0","bottom":"20","left":"0","isLinked":false},"padding_mobile":{"unit":"px","top":"10","right":"0","bottom":"20","left":"0","isLinked":false},"_inline_size_tablet":50,"_inline_size_mobile":50},"elements":[{"id":"e0ed5db","settings":{"image":{"url":"https:\/\/preview.tutorlms.com\/elementor-starter\/wp-content\/uploads\/sites\/4\/2021\/04\/instructor-2-1.png","id":13201},"image_border_radius":{"unit":"px","top":"8","right":"8","bottom":"0","left":"0","isLinked":false}},"elements":[],"isInner":false,"widgetType":"image","elType":"widget"},{"id":"72b9be0d","settings":{"title":"Devon Lane","title_color":"#0A083B","typography_typography":"custom","typography_font_family":"Inter","typography_font_size":{"unit":"px","size":16,"sizes":[]},"typography_font_size_tablet":{"unit":"px","size":15,"sizes":[]},"typography_font_weight":"600","typography_line_height":{"unit":"em","size":1.5,"sizes":[]},"_margin":{"unit":"px","top":"0","right":"0","bottom":"0","left":"0","isLinked":false},"_margin_tablet":{"unit":"px","top":"0","right":"0","bottom":"0","left":"0","isLinked":false},"_padding":{"unit":"px","top":"0","right":"0","bottom":"0","left":"25","isLinked":false},"_padding_tablet":{"unit":"px","top":"0","right":"0","bottom":"0","left":"15","isLinked":false}},"elements":[],"isInner":false,"widgetType":"heading","elType":"widget"},{"id":"274856d2","settings":{"editor":"<p>Professor<\/p>","text_color":"#57586E","typography_typography":"custom","typography_font_family":"Inter","typography_font_size":{"unit":"px","size":14,"sizes":[]},"typography_font_size_tablet":{"unit":"px","size":13,"sizes":[]},"typography_font_weight":"400","typography_line_height":{"unit":"em","size":1.5,"sizes":[]},"_margin":{"unit":"px","top":"-15","right":"0","bottom":"0","left":"0","isLinked":false},"_padding":{"unit":"px","top":"0","right":"0","bottom":"0","left":"25","isLinked":false},"_padding_tablet":{"unit":"px","top":"0","right":"0","bottom":"0","left":"15","isLinked":false}},"elements":[],"isInner":false,"widgetType":"text-editor","elType":"widget"}],"isInner":false,"elType":"column"},{"id":"3de0dd23","settings":{"_column_size":25,"_inline_size":null,"border_radius":{"unit":"px","top":"8","right":"8","bottom":"8","left":"8","isLinked":false},"box_shadow_box_shadow_type":"yes","box_shadow_box_shadow":{"horizontal":0,"vertical":2,"blur":4,"spread":0,"color":"rgba(0, 0, 0, 0.08)"},"box_shadow_hover_box_shadow_type":"yes","box_shadow_hover_box_shadow":{"horizontal":0,"vertical":4,"blur":8,"spread":0,"color":"rgba(0, 0, 0, 0.1)"},"margin":{"unit":"px","top":"0","right":"25","bottom":"0","left":"25","isLinked":false},"margin_tablet":{"unit":"px","top":"0","right":"15","bottom":"0","left":"15","isLinked":false},"margin_mobile":{"unit":"px","top":"10","right":"10","bottom":"0","left":"10","isLinked":false},"padding":{"unit":"px","top":"0","right":"0","bottom":"30","left":"0","isLinked":false},"padding_tablet":{"unit":"px","top":"0","right":"0","bottom":"20","left":"0","isLinked":false},"padding_mobile":{"unit":"px","top":"0","right":"0","bottom":"20","left":"0","isLinked":false},"_inline_size_tablet":50,"_inline_size_mobile":50},"elements":[{"id":"5b95de43","settings":{"image":{"url":"https:\/\/preview.tutorlms.com\/elementor-starter\/wp-content\/uploads\/sites\/4\/2021\/04\/instructor-4.png","id":12929},"image_border_radius":{"unit":"px","top":"8","right":"8","bottom":"0","left":"0","isLinked":false}},"elements":[],"isInner":false,"widgetType":"image","elType":"widget"},{"id":"542ec38","settings":{"title":"Courtney Henry","title_color":"#0A083B","typography_typography":"custom","typography_font_family":"Inter","typography_font_size":{"unit":"px","size":16,"sizes":[]},"typography_font_size_tablet":{"unit":"px","size":15,"sizes":[]},"typography_font_weight":"600","typography_line_height":{"unit":"em","size":1.5,"sizes":[]},"_margin":{"unit":"px","top":"0","right":"0","bottom":"0","left":"0","isLinked":false},"_margin_tablet":{"unit":"px","top":"0","right":"0","bottom":"0","left":"0","isLinked":false},"_padding":{"unit":"px","top":"0","right":"0","bottom":"0","left":"25","isLinked":false},"_padding_tablet":{"unit":"px","top":"0","right":"0","bottom":"0","left":"15","isLinked":false}},"elements":[],"isInner":false,"widgetType":"heading","elType":"widget"},{"id":"5b8f1d1","settings":{"editor":"<p>Assistant Professor<\/p>","text_color":"#57586E","typography_typography":"custom","typography_font_family":"Inter","typography_font_size":{"unit":"px","size":14,"sizes":[]},"typography_font_size_tablet":{"unit":"px","size":13,"sizes":[]},"typography_font_weight":"400","typography_line_height":{"unit":"em","size":1.5,"sizes":[]},"_margin":{"unit":"px","top":"-15","right":"0","bottom":"0","left":"0","isLinked":false},"_padding":{"unit":"px","top":"0","right":"0","bottom":"0","left":"25","isLinked":false},"_padding_tablet":{"unit":"px","top":"0","right":"0","bottom":"0","left":"15","isLinked":false}},"elements":[],"isInner":false,"widgetType":"text-editor","elType":"widget"}],"isInner":false,"elType":"column"},{"id":"186df5da","settings":{"_column_size":25,"_inline_size":null,"border_radius":{"unit":"px","top":"8","right":"8","bottom":"8","left":"8","isLinked":false},"box_shadow_box_shadow_type":"yes","box_shadow_box_shadow":{"horizontal":0,"vertical":2,"blur":4,"spread":0,"color":"rgba(0, 0, 0, 0.08)"},"box_shadow_hover_box_shadow_type":"yes","box_shadow_hover_box_shadow":{"horizontal":0,"vertical":4,"blur":8,"spread":0,"color":"rgba(0, 0, 0, 0.1)"},"margin":{"unit":"px","top":"0","right":"25","bottom":"0","left":"25","isLinked":false},"margin_tablet":{"unit":"px","top":"30","right":"15","bottom":"0","left":"15","isLinked":false},"margin_mobile":{"unit":"px","top":"20","right":"10","bottom":"0","left":"10","isLinked":false},"padding":{"unit":"px","top":"0","right":"0","bottom":"30","left":"0","isLinked":false},"padding_tablet":{"unit":"px","top":"0","right":"0","bottom":"20","left":"0","isLinked":false},"padding_mobile":{"unit":"px","top":"0","right":"0","bottom":"20","left":"0","isLinked":false},"_inline_size_tablet":50,"_inline_size_mobile":50},"elements":[{"id":"2175d35c","settings":{"image":{"url":"https:\/\/preview.tutorlms.com\/elementor-starter\/wp-content\/uploads\/sites\/4\/2021\/04\/instructor-3.png","id":13222},"image_border_radius":{"unit":"px","top":"8","right":"8","bottom":"0","left":"0","isLinked":false}},"elements":[],"isInner":false,"widgetType":"image","elType":"widget"},{"id":"35f13c2c","settings":{"title":"Jane Cooper","title_color":"#0A083B","typography_typography":"custom","typography_font_family":"Inter","typography_font_size":{"unit":"px","size":16,"sizes":[]},"typography_font_size_tablet":{"unit":"px","size":15,"sizes":[]},"typography_font_weight":"600","typography_line_height":{"unit":"em","size":1.5,"sizes":[]},"_margin":{"unit":"px","top":"0","right":"0","bottom":"0","left":"0","isLinked":false},"_margin_tablet":{"unit":"px","top":"0","right":"0","bottom":"0","left":"0","isLinked":false},"_padding":{"unit":"px","top":"0","right":"0","bottom":"0","left":"25","isLinked":false},"_padding_tablet":{"unit":"px","top":"0","right":"0","bottom":"0","left":"15","isLinked":false}},"elements":[],"isInner":false,"widgetType":"heading","elType":"widget"},{"id":"54a7eb5","settings":{"editor":"<p>Assistant Professor<\/p>","text_color":"#57586E","typography_typography":"custom","typography_font_family":"Inter","typography_font_size":{"unit":"px","size":14,"sizes":[]},"typography_font_size_tablet":{"unit":"px","size":13,"sizes":[]},"typography_font_weight":"400","typography_line_height":{"unit":"em","size":1.5,"sizes":[]},"_margin":{"unit":"px","top":"-15","right":"0","bottom":"0","left":"0","isLinked":false},"_padding":{"unit":"px","top":"0","right":"0","bottom":"0","left":"25","isLinked":false},"_padding_tablet":{"unit":"px","top":"0","right":"0","bottom":"0","left":"15","isLinked":false}},"elements":[],"isInner":false,"widgetType":"text-editor","elType":"widget"}],"isInner":false,"elType":"column"},{"id":"23c1b078","settings":{"_column_size":25,"_inline_size":null,"border_radius":{"unit":"px","top":"8","right":"8","bottom":"8","left":"8","isLinked":false},"box_shadow_box_shadow_type":"yes","box_shadow_box_shadow":{"horizontal":0,"vertical":2,"blur":4,"spread":0,"color":"rgba(0, 0, 0, 0.08)"},"box_shadow_hover_box_shadow_type":"yes","box_shadow_hover_box_shadow":{"horizontal":0,"vertical":4,"blur":8,"spread":0,"color":"rgba(0, 0, 0, 0.1)"},"margin":{"unit":"px","top":"0","right":"25","bottom":"0","left":"25","isLinked":false},"margin_tablet":{"unit":"px","top":"30","right":"15","bottom":"0","left":"15","isLinked":false},"margin_mobile":{"unit":"px","top":"20","right":"10","bottom":"0","left":"10","isLinked":false},"padding":{"unit":"px","top":"0","right":"0","bottom":"30","left":"0","isLinked":false},"padding_tablet":{"unit":"px","top":"0","right":"0","bottom":"20","left":"0","isLinked":false},"padding_mobile":{"unit":"px","top":"0","right":"0","bottom":"20","left":"0","isLinked":false},"_inline_size_tablet":50,"_inline_size_mobile":50},"elements":[{"id":"1383d2c7","settings":{"image":{"url":"https:\/\/preview.tutorlms.com\/elementor-starter\/wp-content\/uploads\/sites\/4\/2021\/04\/instructor-1.png","id":12926},"image_border_radius":{"unit":"px","top":"8","right":"8","bottom":"0","left":"0","isLinked":false}},"elements":[],"isInner":false,"widgetType":"image","elType":"widget"},{"id":"2f519da4","settings":{"title":"Esther Howard","title_color":"#0A083B","typography_typography":"custom","typography_font_family":"Inter","typography_font_size":{"unit":"px","size":16,"sizes":[]},"typography_font_size_tablet":{"unit":"px","size":15,"sizes":[]},"typography_font_weight":"600","typography_line_height":{"unit":"em","size":1.5,"sizes":[]},"_margin":{"unit":"px","top":"0","right":"0","bottom":"0","left":"0","isLinked":false},"_margin_tablet":{"unit":"px","top":"0","right":"0","bottom":"0","left":"0","isLinked":false},"_padding":{"unit":"px","top":"0","right":"0","bottom":"0","left":"25","isLinked":false},"_padding_tablet":{"unit":"px","top":"0","right":"0","bottom":"0","left":"15","isLinked":false}},"elements":[],"isInner":false,"widgetType":"heading","elType":"widget"},{"id":"2b62b81e","settings":{"editor":"<p>Visual Artist<\/p>","text_color":"#57586E","typography_typography":"custom","typography_font_family":"Inter","typography_font_size":{"unit":"px","size":14,"sizes":[]},"typography_font_size_tablet":{"unit":"px","size":13,"sizes":[]},"typography_font_weight":"400","typography_line_height":{"unit":"em","size":1.5,"sizes":[]},"_margin":{"unit":"px","top":"-15","right":"0","bottom":"0","left":"0","isLinked":false},"_padding":{"unit":"px","top":"0","right":"0","bottom":"0","left":"25","isLinked":false},"_padding_tablet":{"unit":"px","top":"0","right":"0","bottom":"0","left":"15","isLinked":false}},"elements":[],"isInner":false,"widgetType":"text-editor","elType":"widget"}],"isInner":false,"elType":"column"}],"isInner":false,"elType":"section"},{"id":"6db33e9","settings":{"structure":"40","margin":{"unit":"px","top":"0","right":0,"bottom":"0","left":0,"isLinked":false},"margin_tablet":{"unit":"px","top":"0","right":0,"bottom":"0","left":0,"isLinked":false},"margin_mobile":{"unit":"px","top":"0","right":0,"bottom":"0","left":0,"isLinked":false},"padding":{"unit":"px","top":"0","right":"0","bottom":"50","left":"0","isLinked":false},"padding_tablet":{"unit":"px","top":"0","right":"10","bottom":"40","left":"10","isLinked":false},"padding_mobile":{"unit":"px","top":"0","right":"10","bottom":"20","left":"10","isLinked":false},"content_width":{"unit":"px","size":1160,"sizes":[]}},"elements":[{"id":"361a9f83","settings":{"_column_size":25,"_inline_size":null,"border_radius":{"unit":"px","top":"8","right":"8","bottom":"8","left":"8","isLinked":false},"box_shadow_box_shadow_type":"yes","box_shadow_box_shadow":{"horizontal":0,"vertical":2,"blur":4,"spread":0,"color":"rgba(0, 0, 0, 0.08)"},"box_shadow_hover_box_shadow_type":"yes","box_shadow_hover_box_shadow":{"horizontal":0,"vertical":4,"blur":8,"spread":0,"color":"rgba(0, 0, 0, 0.1)"},"margin":{"unit":"px","top":"0","right":"25","bottom":"0","left":"25","isLinked":false},"margin_tablet":{"unit":"px","top":"0","right":"15","bottom":"0","left":"15","isLinked":false},"margin_mobile":{"unit":"px","top":"0","right":"10","bottom":"0","left":"10","isLinked":false},"padding":{"unit":"px","top":"0","right":"0","bottom":"30","left":"0","isLinked":false},"padding_tablet":{"unit":"px","top":"0","right":"0","bottom":"20","left":"0","isLinked":false},"padding_mobile":{"unit":"px","top":"0","right":"0","bottom":"20","left":"0","isLinked":false},"_inline_size_tablet":50,"_inline_size_mobile":50},"elements":[{"id":"77d7329b","settings":{"image":{"url":"https:\/\/preview.tutorlms.com\/elementor-marketplace\/wp-content\/uploads\/sites\/7\/2021\/04\/instructor6.png","id":952},"image_border_radius":{"unit":"px","top":"8","right":"8","bottom":"0","left":"0","isLinked":false}},"elements":[],"isInner":false,"widgetType":"image","elType":"widget"},{"id":"b1c0ecf","settings":{"title":"Devon Lane","title_color":"#0A083B","typography_typography":"custom","typography_font_family":"Inter","typography_font_size":{"unit":"px","size":16,"sizes":[]},"typography_font_size_tablet":{"unit":"px","size":15,"sizes":[]},"typography_font_weight":"600","typography_line_height":{"unit":"em","size":1.5,"sizes":[]},"_margin":{"unit":"px","top":"0","right":"0","bottom":"0","left":"0","isLinked":false},"_margin_tablet":{"unit":"px","top":"0","right":"0","bottom":"0","left":"0","isLinked":false},"_padding":{"unit":"px","top":"0","right":"0","bottom":"0","left":"25","isLinked":false},"_padding_tablet":{"unit":"px","top":"0","right":"0","bottom":"0","left":"15","isLinked":false}},"elements":[],"isInner":false,"widgetType":"heading","elType":"widget"},{"id":"5b07e982","settings":{"editor":"<p>Professor<\/p>","text_color":"#57586E","typography_typography":"custom","typography_font_family":"Inter","typography_font_size":{"unit":"px","size":14,"sizes":[]},"typography_font_size_tablet":{"unit":"px","size":13,"sizes":[]},"typography_font_weight":"400","typography_line_height":{"unit":"em","size":1.5,"sizes":[]},"_margin":{"unit":"px","top":"-15","right":"0","bottom":"0","left":"0","isLinked":false},"_padding":{"unit":"px","top":"0","right":"0","bottom":"0","left":"25","isLinked":false},"_padding_tablet":{"unit":"px","top":"0","right":"0","bottom":"0","left":"15","isLinked":false}},"elements":[],"isInner":false,"widgetType":"text-editor","elType":"widget"}],"isInner":false,"elType":"column"},{"id":"59bc4a2","settings":{"_column_size":25,"_inline_size":null,"border_radius":{"unit":"px","top":"8","right":"8","bottom":"8","left":"8","isLinked":false},"box_shadow_box_shadow_type":"yes","box_shadow_box_shadow":{"horizontal":0,"vertical":2,"blur":4,"spread":0,"color":"rgba(0, 0, 0, 0.08)"},"box_shadow_hover_box_shadow_type":"yes","box_shadow_hover_box_shadow":{"horizontal":0,"vertical":4,"blur":8,"spread":0,"color":"rgba(0, 0, 0, 0.1)"},"margin":{"unit":"px","top":"0","right":"25","bottom":"0","left":"25","isLinked":false},"margin_tablet":{"unit":"px","top":"0","right":"15","bottom":"0","left":"15","isLinked":false},"margin_mobile":{"unit":"px","top":"0","right":"10","bottom":"0","left":"10","isLinked":false},"padding":{"unit":"px","top":"0","right":"0","bottom":"30","left":"0","isLinked":false},"padding_tablet":{"unit":"px","top":"0","right":"0","bottom":"20","left":"0","isLinked":false},"padding_mobile":{"unit":"px","top":"0","right":"0","bottom":"20","left":"0","isLinked":false},"_inline_size_tablet":50,"_inline_size_mobile":50},"elements":[{"id":"1bd7bafe","settings":{"image":{"url":"https:\/\/preview.tutorlms.com\/elementor-marketplace\/wp-content\/uploads\/sites\/7\/2021\/04\/instructor5.png","id":951},"image_border_radius":{"unit":"px","top":"8","right":"8","bottom":"0","left":"0","isLinked":false}},"elements":[],"isInner":false,"widgetType":"image","elType":"widget"},{"id":"6f5ba7ce","settings":{"title":"Courtney Henry","title_color":"#0A083B","typography_typography":"custom","typography_font_family":"Inter","typography_font_size":{"unit":"px","size":16,"sizes":[]},"typography_font_size_tablet":{"unit":"px","size":15,"sizes":[]},"typography_font_weight":"600","typography_line_height":{"unit":"em","size":1.5,"sizes":[]},"_margin":{"unit":"px","top":"0","right":"0","bottom":"0","left":"0","isLinked":false},"_margin_tablet":{"unit":"px","top":"0","right":"0","bottom":"0","left":"0","isLinked":false},"_padding":{"unit":"px","top":"0","right":"0","bottom":"0","left":"25","isLinked":false},"_padding_tablet":{"unit":"px","top":"0","right":"0","bottom":"0","left":"15","isLinked":false}},"elements":[],"isInner":false,"widgetType":"heading","elType":"widget"},{"id":"1e89c250","settings":{"editor":"<p>Visual Artist<\/p>","text_color":"#57586E","typography_typography":"custom","typography_font_family":"Inter","typography_font_size":{"unit":"px","size":14,"sizes":[]},"typography_font_size_tablet":{"unit":"px","size":13,"sizes":[]},"typography_font_weight":"400","typography_line_height":{"unit":"em","size":1.5,"sizes":[]},"_margin":{"unit":"px","top":"-15","right":"0","bottom":"0","left":"0","isLinked":false},"_padding":{"unit":"px","top":"0","right":"0","bottom":"0","left":"25","isLinked":false},"_padding_tablet":{"unit":"px","top":"0","right":"0","bottom":"0","left":"15","isLinked":false}},"elements":[],"isInner":false,"widgetType":"text-editor","elType":"widget"}],"isInner":false,"elType":"column"},{"id":"39804434","settings":{"_column_size":25,"_inline_size":null,"border_radius":{"unit":"px","top":"8","right":"8","bottom":"8","left":"8","isLinked":false},"box_shadow_box_shadow_type":"yes","box_shadow_box_shadow":{"horizontal":0,"vertical":2,"blur":4,"spread":0,"color":"rgba(0, 0, 0, 0.08)"},"box_shadow_hover_box_shadow_type":"yes","box_shadow_hover_box_shadow":{"horizontal":0,"vertical":4,"blur":8,"spread":0,"color":"rgba(0, 0, 0, 0.1)"},"margin":{"unit":"px","top":"0","right":"25","bottom":"0","left":"25","isLinked":false},"margin_tablet":{"unit":"px","top":"30","right":"15","bottom":"0","left":"15","isLinked":false},"margin_mobile":{"unit":"px","top":"20","right":"10","bottom":"0","left":"10","isLinked":false},"padding":{"unit":"px","top":"0","right":"0","bottom":"30","left":"0","isLinked":false},"padding_tablet":{"unit":"px","top":"0","right":"0","bottom":"20","left":"0","isLinked":false},"padding_mobile":{"unit":"px","top":"0","right":"0","bottom":"20","left":"0","isLinked":false},"_inline_size_tablet":50,"_inline_size_mobile":50},"elements":[{"id":"687f6391","settings":{"image":{"url":"https:\/\/preview.tutorlms.com\/elementor-marketplace\/wp-content\/uploads\/sites\/7\/2021\/04\/instructor8.png","id":954},"image_border_radius":{"unit":"px","top":"8","right":"8","bottom":"0","left":"0","isLinked":false}},"elements":[],"isInner":false,"widgetType":"image","elType":"widget"},{"id":"6444e474","settings":{"title":"Jane Cooper","title_color":"#0A083B","typography_typography":"custom","typography_font_family":"Inter","typography_font_size":{"unit":"px","size":16,"sizes":[]},"typography_font_size_tablet":{"unit":"px","size":15,"sizes":[]},"typography_font_weight":"600","typography_line_height":{"unit":"em","size":1.5,"sizes":[]},"_margin":{"unit":"px","top":"0","right":"0","bottom":"0","left":"0","isLinked":false},"_margin_tablet":{"unit":"px","top":"0","right":"0","bottom":"0","left":"0","isLinked":false},"_padding":{"unit":"px","top":"0","right":"0","bottom":"0","left":"25","isLinked":false},"_padding_tablet":{"unit":"px","top":"0","right":"0","bottom":"0","left":"15","isLinked":false}},"elements":[],"isInner":false,"widgetType":"heading","elType":"widget"},{"id":"6891750f","settings":{"editor":"<p>Assistant Professor<\/p>","text_color":"#57586E","typography_typography":"custom","typography_font_family":"Inter","typography_font_size":{"unit":"px","size":14,"sizes":[]},"typography_font_size_tablet":{"unit":"px","size":13,"sizes":[]},"typography_font_weight":"400","typography_line_height":{"unit":"em","size":1.5,"sizes":[]},"_margin":{"unit":"px","top":"-15","right":"0","bottom":"0","left":"0","isLinked":false},"_padding":{"unit":"px","top":"0","right":"0","bottom":"0","left":"25","isLinked":false},"_padding_tablet":{"unit":"px","top":"0","right":"0","bottom":"0","left":"15","isLinked":false}},"elements":[],"isInner":false,"widgetType":"text-editor","elType":"widget"}],"isInner":false,"elType":"column"},{"id":"516d19e7","settings":{"_column_size":25,"_inline_size":null,"border_radius":{"unit":"px","top":"8","right":"8","bottom":"8","left":"8","isLinked":false},"box_shadow_box_shadow_type":"yes","box_shadow_box_shadow":{"horizontal":0,"vertical":2,"blur":4,"spread":0,"color":"rgba(0, 0, 0, 0.08)"},"box_shadow_hover_box_shadow_type":"yes","box_shadow_hover_box_shadow":{"horizontal":0,"vertical":4,"blur":8,"spread":0,"color":"rgba(0, 0, 0, 0.1)"},"margin":{"unit":"px","top":"0","right":"25","bottom":"0","left":"25","isLinked":false},"margin_tablet":{"unit":"px","top":"30","right":"15","bottom":"0","left":"15","isLinked":false},"margin_mobile":{"unit":"px","top":"20","right":"10","bottom":"0","left":"10","isLinked":false},"padding":{"unit":"px","top":"0","right":"0","bottom":"30","left":"0","isLinked":false},"padding_tablet":{"unit":"px","top":"0","right":"0","bottom":"20","left":"0","isLinked":false},"padding_mobile":{"unit":"px","top":"0","right":"0","bottom":"20","left":"0","isLinked":false},"_inline_size_tablet":50,"_inline_size_mobile":50},"elements":[{"id":"6a871e60","settings":{"image":{"url":"https:\/\/preview.tutorlms.com\/elementor-marketplace\/wp-content\/uploads\/sites\/7\/2021\/04\/instructor7.png","id":953},"image_border_radius":{"unit":"px","top":"8","right":"8","bottom":"0","left":"0","isLinked":false}},"elements":[],"isInner":false,"widgetType":"image","elType":"widget"},{"id":"285ed1a2","settings":{"title":"Esther Howard","title_color":"#0A083B","typography_typography":"custom","typography_font_family":"Inter","typography_font_size":{"unit":"px","size":16,"sizes":[]},"typography_font_size_tablet":{"unit":"px","size":15,"sizes":[]},"typography_font_weight":"600","typography_line_height":{"unit":"em","size":1.5,"sizes":[]},"_margin":{"unit":"px","top":"0","right":"0","bottom":"0","left":"0","isLinked":false},"_margin_tablet":{"unit":"px","top":"0","right":"0","bottom":"0","left":"0","isLinked":false},"_padding":{"unit":"px","top":"0","right":"0","bottom":"0","left":"25","isLinked":false},"_padding_tablet":{"unit":"px","top":"0","right":"0","bottom":"0","left":"15","isLinked":false}},"elements":[],"isInner":false,"widgetType":"heading","elType":"widget"},{"id":"52c68348","settings":{"editor":"<p>Assistant Professor<\/p>","text_color":"#57586E","typography_typography":"custom","typography_font_family":"Inter","typography_font_size":{"unit":"px","size":14,"sizes":[]},"typography_font_size_tablet":{"unit":"px","size":13,"sizes":[]},"typography_font_weight":"400","typography_line_height":{"unit":"em","size":1.5,"sizes":[]},"_margin":{"unit":"px","top":"-15","right":"0","bottom":"0","left":"0","isLinked":false},"_padding":{"unit":"px","top":"0","right":"0","bottom":"0","left":"25","isLinked":false},"_padding_tablet":{"unit":"px","top":"0","right":"0","bottom":"0","left":"15","isLinked":false}},"elements":[],"isInner":false,"widgetType":"text-editor","elType":"widget"}],"isInner":false,"elType":"column"}],"isInner":false,"elType":"section"},{"id":"d9c90c","settings":{"structure":"40","margin":{"unit":"px","top":"0","right":0,"bottom":"0","left":0,"isLinked":false},"margin_tablet":{"unit":"px","top":"0","right":0,"bottom":"0","left":0,"isLinked":false},"margin_mobile":{"unit":"px","top":"0","right":0,"bottom":"0","left":0,"isLinked":false},"padding":{"unit":"px","top":"0","right":"0","bottom":"50","left":"0","isLinked":false},"padding_tablet":{"unit":"px","top":"0","right":"10","bottom":"40","left":"10","isLinked":false},"padding_mobile":{"unit":"px","top":"0","right":"10","bottom":"20","left":"10","isLinked":false},"content_width":{"unit":"px","size":1160,"sizes":[]}},"elements":[{"id":"fbfefd9","settings":{"_column_size":25,"_inline_size":null,"border_radius":{"unit":"px","top":"8","right":"8","bottom":"8","left":"8","isLinked":false},"box_shadow_box_shadow_type":"yes","box_shadow_box_shadow":{"horizontal":0,"vertical":2,"blur":4,"spread":0,"color":"rgba(0, 0, 0, 0.08)"},"box_shadow_hover_box_shadow_type":"yes","box_shadow_hover_box_shadow":{"horizontal":0,"vertical":4,"blur":8,"spread":0,"color":"rgba(0, 0, 0, 0.1)"},"margin":{"unit":"px","top":"0","right":"25","bottom":"0","left":"25","isLinked":false},"margin_tablet":{"unit":"px","top":"0","right":"15","bottom":"0","left":"15","isLinked":false},"margin_mobile":{"unit":"px","top":"0","right":"10","bottom":"0","left":"10","isLinked":false},"padding":{"unit":"px","top":"0","right":"0","bottom":"30","left":"0","isLinked":false},"padding_tablet":{"unit":"px","top":"0","right":"0","bottom":"20","left":"0","isLinked":false},"padding_mobile":{"unit":"px","top":"0","right":"0","bottom":"20","left":"0","isLinked":false},"_inline_size_tablet":50,"_inline_size_mobile":50},"elements":[{"id":"47d8ba39","settings":{"image":{"url":"https:\/\/preview.tutorlms.com\/elementor-marketplace\/wp-content\/uploads\/sites\/7\/2021\/04\/instructor-12.png","id":950},"image_border_radius":{"unit":"px","top":"8","right":"8","bottom":"0","left":"0","isLinked":false}},"elements":[],"isInner":false,"widgetType":"image","elType":"widget"},{"id":"6948cfa5","settings":{"title":"Devon Lane","title_color":"#0A083B","typography_typography":"custom","typography_font_family":"Inter","typography_font_size":{"unit":"px","size":16,"sizes":[]},"typography_font_size_tablet":{"unit":"px","size":15,"sizes":[]},"typography_font_weight":"600","typography_line_height":{"unit":"em","size":1.5,"sizes":[]},"_margin":{"unit":"px","top":"0","right":"0","bottom":"0","left":"0","isLinked":false},"_margin_tablet":{"unit":"px","top":"0","right":"0","bottom":"0","left":"0","isLinked":false},"_padding":{"unit":"px","top":"0","right":"0","bottom":"0","left":"25","isLinked":false},"_padding_tablet":{"unit":"px","top":"0","right":"0","bottom":"0","left":"15","isLinked":false}},"elements":[],"isInner":false,"widgetType":"heading","elType":"widget"},{"id":"46e4d360","settings":{"editor":"<p>Visual Artist<\/p>","text_color":"#57586E","typography_typography":"custom","typography_font_family":"Inter","typography_font_size":{"unit":"px","size":14,"sizes":[]},"typography_font_size_tablet":{"unit":"px","size":13,"sizes":[]},"typography_font_weight":"400","typography_line_height":{"unit":"em","size":1.5,"sizes":[]},"_margin":{"unit":"px","top":"-15","right":"0","bottom":"0","left":"0","isLinked":false},"_padding":{"unit":"px","top":"0","right":"0","bottom":"0","left":"25","isLinked":false},"_padding_tablet":{"unit":"px","top":"0","right":"0","bottom":"0","left":"15","isLinked":false}},"elements":[],"isInner":false,"widgetType":"text-editor","elType":"widget"}],"isInner":false,"elType":"column"},{"id":"6f2c34d4","settings":{"_column_size":25,"_inline_size":null,"border_radius":{"unit":"px","top":"8","right":"8","bottom":"8","left":"8","isLinked":false},"box_shadow_box_shadow_type":"yes","box_shadow_box_shadow":{"horizontal":0,"vertical":2,"blur":4,"spread":0,"color":"rgba(0, 0, 0, 0.08)"},"box_shadow_hover_box_shadow_type":"yes","box_shadow_hover_box_shadow":{"horizontal":0,"vertical":4,"blur":8,"spread":0,"color":"rgba(0, 0, 0, 0.1)"},"margin":{"unit":"px","top":"0","right":"25","bottom":"0","left":"25","isLinked":false},"margin_tablet":{"unit":"px","top":"0","right":"15","bottom":"0","left":"15","isLinked":false},"margin_mobile":{"unit":"px","top":"0","right":"10","bottom":"0","left":"10","isLinked":false},"padding":{"unit":"px","top":"0","right":"0","bottom":"30","left":"0","isLinked":false},"padding_tablet":{"unit":"px","top":"0","right":"0","bottom":"20","left":"0","isLinked":false},"padding_mobile":{"unit":"px","top":"0","right":"0","bottom":"20","left":"0","isLinked":false},"_inline_size_tablet":50,"_inline_size_mobile":50},"elements":[{"id":"7cb89fcb","settings":{"image":{"url":"https:\/\/preview.tutorlms.com\/elementor-marketplace\/wp-content\/uploads\/sites\/7\/2021\/04\/instructor11.png","id":957},"image_border_radius":{"unit":"px","top":"8","right":"8","bottom":"0","left":"0","isLinked":false}},"elements":[],"isInner":false,"widgetType":"image","elType":"widget"},{"id":"1b0fbec0","settings":{"title":"Courtney Henry","title_color":"#0A083B","typography_typography":"custom","typography_font_family":"Inter","typography_font_size":{"unit":"px","size":16,"sizes":[]},"typography_font_size_tablet":{"unit":"px","size":15,"sizes":[]},"typography_font_weight":"600","typography_line_height":{"unit":"em","size":1.5,"sizes":[]},"_margin":{"unit":"px","top":"0","right":"0","bottom":"0","left":"0","isLinked":false},"_margin_tablet":{"unit":"px","top":"0","right":"0","bottom":"0","left":"0","isLinked":false},"_padding":{"unit":"px","top":"0","right":"0","bottom":"0","left":"25","isLinked":false},"_padding_tablet":{"unit":"px","top":"0","right":"0","bottom":"0","left":"15","isLinked":false}},"elements":[],"isInner":false,"widgetType":"heading","elType":"widget"},{"id":"4c6c60be","settings":{"editor":"<p>Assistant Professor<\/p>","text_color":"#57586E","typography_typography":"custom","typography_font_family":"Inter","typography_font_size":{"unit":"px","size":14,"sizes":[]},"typography_font_size_tablet":{"unit":"px","size":13,"sizes":[]},"typography_font_weight":"400","typography_line_height":{"unit":"em","size":1.5,"sizes":[]},"_margin":{"unit":"px","top":"-15","right":"0","bottom":"0","left":"0","isLinked":false},"_padding":{"unit":"px","top":"0","right":"0","bottom":"0","left":"25","isLinked":false},"_padding_tablet":{"unit":"px","top":"0","right":"0","bottom":"0","left":"15","isLinked":false}},"elements":[],"isInner":false,"widgetType":"text-editor","elType":"widget"}],"isInner":false,"elType":"column"},{"id":"711456ea","settings":{"_column_size":25,"_inline_size":null,"border_radius":{"unit":"px","top":"8","right":"8","bottom":"8","left":"8","isLinked":false},"box_shadow_box_shadow_type":"yes","box_shadow_box_shadow":{"horizontal":0,"vertical":2,"blur":4,"spread":0,"color":"rgba(0, 0, 0, 0.08)"},"box_shadow_hover_box_shadow_type":"yes","box_shadow_hover_box_shadow":{"horizontal":0,"vertical":4,"blur":8,"spread":0,"color":"rgba(0, 0, 0, 0.1)"},"margin":{"unit":"px","top":"0","right":"25","bottom":"0","left":"25","isLinked":false},"margin_tablet":{"unit":"px","top":"30","right":"15","bottom":"0","left":"15","isLinked":false},"margin_mobile":{"unit":"px","top":"20","right":"10","bottom":"0","left":"10","isLinked":false},"padding":{"unit":"px","top":"0","right":"0","bottom":"30","left":"0","isLinked":false},"padding_tablet":{"unit":"px","top":"0","right":"0","bottom":"20","left":"0","isLinked":false},"padding_mobile":{"unit":"px","top":"0","right":"0","bottom":"20","left":"0","isLinked":false},"_inline_size_tablet":50,"_inline_size_mobile":50},"elements":[{"id":"319c6a06","settings":{"image":{"url":"https:\/\/preview.tutorlms.com\/elementor-marketplace\/wp-content\/uploads\/sites\/7\/2021\/04\/instructor9.png","id":955},"image_border_radius":{"unit":"px","top":"8","right":"8","bottom":"0","left":"0","isLinked":false}},"elements":[],"isInner":false,"widgetType":"image","elType":"widget"},{"id":"7996db06","settings":{"title":"Jane Cooper","title_color":"#0A083B","typography_typography":"custom","typography_font_family":"Inter","typography_font_size":{"unit":"px","size":16,"sizes":[]},"typography_font_size_tablet":{"unit":"px","size":15,"sizes":[]},"typography_font_weight":"600","typography_line_height":{"unit":"em","size":1.5,"sizes":[]},"_margin":{"unit":"px","top":"0","right":"0","bottom":"0","left":"0","isLinked":false},"_margin_tablet":{"unit":"px","top":"0","right":"0","bottom":"0","left":"0","isLinked":false},"_padding":{"unit":"px","top":"0","right":"0","bottom":"0","left":"25","isLinked":false},"_padding_tablet":{"unit":"px","top":"0","right":"0","bottom":"0","left":"15","isLinked":false}},"elements":[],"isInner":false,"widgetType":"heading","elType":"widget"},{"id":"546dcec3","settings":{"editor":"<p>Assistant Professor<\/p>","text_color":"#57586E","typography_typography":"custom","typography_font_family":"Inter","typography_font_size":{"unit":"px","size":14,"sizes":[]},"typography_font_size_tablet":{"unit":"px","size":13,"sizes":[]},"typography_font_weight":"400","typography_line_height":{"unit":"em","size":1.5,"sizes":[]},"_margin":{"unit":"px","top":"-15","right":"0","bottom":"0","left":"0","isLinked":false},"_padding":{"unit":"px","top":"0","right":"0","bottom":"0","left":"25","isLinked":false},"_padding_tablet":{"unit":"px","top":"0","right":"0","bottom":"0","left":"15","isLinked":false}},"elements":[],"isInner":false,"widgetType":"text-editor","elType":"widget"}],"isInner":false,"elType":"column"},{"id":"736631c7","settings":{"_column_size":25,"_inline_size":null,"border_radius":{"unit":"px","top":"8","right":"8","bottom":"8","left":"8","isLinked":false},"box_shadow_box_shadow_type":"yes","box_shadow_box_shadow":{"horizontal":0,"vertical":2,"blur":4,"spread":0,"color":"rgba(0, 0, 0, 0.08)"},"box_shadow_hover_box_shadow_type":"yes","box_shadow_hover_box_shadow":{"horizontal":0,"vertical":4,"blur":8,"spread":0,"color":"rgba(0, 0, 0, 0.1)"},"margin":{"unit":"px","top":"0","right":"25","bottom":"0","left":"25","isLinked":false},"margin_tablet":{"unit":"px","top":"30","right":"15","bottom":"0","left":"15","isLinked":false},"margin_mobile":{"unit":"px","top":"20","right":"10","bottom":"0","left":"10","isLinked":false},"padding":{"unit":"px","top":"0","right":"0","bottom":"30","left":"0","isLinked":false},"padding_tablet":{"unit":"px","top":"0","right":"0","bottom":"20","left":"0","isLinked":false},"padding_mobile":{"unit":"px","top":"0","right":"0","bottom":"20","left":"0","isLinked":false},"_inline_size_tablet":50,"_inline_size_mobile":50},"elements":[{"id":"56f28464","settings":{"image":{"url":"https:\/\/preview.tutorlms.com\/elementor-marketplace\/wp-content\/uploads\/sites\/7\/2021\/04\/instructor10.png","id":956},"image_border_radius":{"unit":"px","top":"8","right":"8","bottom":"0","left":"0","isLinked":false}},"elements":[],"isInner":false,"widgetType":"image","elType":"widget"},{"id":"1a1bb1f4","settings":{"title":"Esther Howard","title_color":"#0A083B","typography_typography":"custom","typography_font_family":"Inter","typography_font_size":{"unit":"px","size":16,"sizes":[]},"typography_font_size_tablet":{"unit":"px","size":15,"sizes":[]},"typography_font_weight":"600","typography_line_height":{"unit":"em","size":1.5,"sizes":[]},"_margin":{"unit":"px","top":"0","right":"0","bottom":"0","left":"0","isLinked":false},"_margin_tablet":{"unit":"px","top":"0","right":"0","bottom":"0","left":"0","isLinked":false},"_padding":{"unit":"px","top":"0","right":"0","bottom":"0","left":"25","isLinked":false},"_padding_tablet":{"unit":"px","top":"0","right":"0","bottom":"0","left":"15","isLinked":false}},"elements":[],"isInner":false,"widgetType":"heading","elType":"widget"},{"id":"6a2cf2f1","settings":{"editor":"<p>Assistant Professor<\/p>","text_color":"#57586E","typography_typography":"custom","typography_font_family":"Inter","typography_font_size":{"unit":"px","size":14,"sizes":[]},"typography_font_size_tablet":{"unit":"px","size":13,"sizes":[]},"typography_font_weight":"400","typography_line_height":{"unit":"em","size":1.5,"sizes":[]},"_margin":{"unit":"px","top":"-15","right":"0","bottom":"0","left":"0","isLinked":false},"_padding":{"unit":"px","top":"0","right":"0","bottom":"0","left":"25","isLinked":false},"_padding_tablet":{"unit":"px","top":"0","right":"0","bottom":"0","left":"15","isLinked":false}},"elements":[],"isInner":false,"widgetType":"text-editor","elType":"widget"}],"isInner":false,"elType":"column"}],"isInner":false,"elType":"section"},{"id":"1f83d8b0","settings":{"structure":"40","margin":{"unit":"px","top":"0","right":0,"bottom":"0","left":0,"isLinked":false},"margin_tablet":{"unit":"px","top":"0","right":0,"bottom":"0","left":0,"isLinked":false},"margin_mobile":{"unit":"px","top":"0","right":0,"bottom":"0","left":0,"isLinked":false},"padding":{"unit":"px","top":"0","right":"0","bottom":"150","left":"0","isLinked":false},"padding_tablet":{"unit":"px","top":"0","right":"10","bottom":"150","left":"10","isLinked":false},"padding_mobile":{"unit":"px","top":"0","right":"10","bottom":"50","left":"10","isLinked":false},"content_width":{"unit":"px","size":1160,"sizes":[]}},"elements":[{"id":"2b78b1f7","settings":{"_column_size":25,"_inline_size":null,"border_radius":{"unit":"px","top":"8","right":"8","bottom":"8","left":"8","isLinked":false},"box_shadow_box_shadow_type":"yes","box_shadow_box_shadow":{"horizontal":0,"vertical":2,"blur":4,"spread":0,"color":"rgba(0, 0, 0, 0.08)"},"box_shadow_hover_box_shadow_type":"yes","box_shadow_hover_box_shadow":{"horizontal":0,"vertical":4,"blur":8,"spread":0,"color":"rgba(0, 0, 0, 0.1)"},"margin":{"unit":"px","top":"0","right":"25","bottom":"0","left":"25","isLinked":false},"margin_tablet":{"unit":"px","top":"0","right":"15","bottom":"0","left":"15","isLinked":false},"margin_mobile":{"unit":"px","top":"0","right":"10","bottom":"0","left":"10","isLinked":false},"padding":{"unit":"px","top":"0","right":"0","bottom":"30","left":"0","isLinked":false},"padding_tablet":{"unit":"px","top":"0","right":"0","bottom":"20","left":"0","isLinked":false},"padding_mobile":{"unit":"px","top":"0","right":"0","bottom":"20","left":"0","isLinked":false},"_inline_size_tablet":50,"_inline_size_mobile":50},"elements":[{"id":"681f4a16","settings":{"image":{"url":"https:\/\/preview.tutorlms.com\/elementor-marketplace\/wp-content\/uploads\/sites\/7\/2021\/04\/instructor13.png","id":959},"image_border_radius":{"unit":"px","top":"8","right":"8","bottom":"0","left":"0","isLinked":false}},"elements":[],"isInner":false,"widgetType":"image","elType":"widget"},{"id":"773a6860","settings":{"title":"Devon Lane","title_color":"#0A083B","typography_typography":"custom","typography_font_family":"Inter","typography_font_size":{"unit":"px","size":16,"sizes":[]},"typography_font_size_tablet":{"unit":"px","size":15,"sizes":[]},"typography_font_weight":"600","typography_line_height":{"unit":"em","size":1.5,"sizes":[]},"_margin":{"unit":"px","top":"0","right":"0","bottom":"0","left":"0","isLinked":false},"_margin_tablet":{"unit":"px","top":"0","right":"0","bottom":"0","left":"0","isLinked":false},"_padding":{"unit":"px","top":"0","right":"0","bottom":"0","left":"25","isLinked":false},"_padding_tablet":{"unit":"px","top":"0","right":"0","bottom":"0","left":"15","isLinked":false}},"elements":[],"isInner":false,"widgetType":"heading","elType":"widget"},{"id":"4a824997","settings":{"editor":"<p>Professor<\/p>","text_color":"#57586E","typography_typography":"custom","typography_font_family":"Inter","typography_font_size":{"unit":"px","size":14,"sizes":[]},"typography_font_size_tablet":{"unit":"px","size":13,"sizes":[]},"typography_font_weight":"400","typography_line_height":{"unit":"em","size":1.5,"sizes":[]},"_margin":{"unit":"px","top":"-15","right":"0","bottom":"0","left":"0","isLinked":false},"_padding":{"unit":"px","top":"0","right":"0","bottom":"0","left":"25","isLinked":false},"_padding_tablet":{"unit":"px","top":"0","right":"0","bottom":"0","left":"15","isLinked":false}},"elements":[],"isInner":false,"widgetType":"text-editor","elType":"widget"}],"isInner":false,"elType":"column"},{"id":"163d4b98","settings":{"_column_size":25,"_inline_size":null,"border_radius":{"unit":"px","top":"8","right":"8","bottom":"8","left":"8","isLinked":false},"box_shadow_box_shadow_type":"yes","box_shadow_box_shadow":{"horizontal":0,"vertical":2,"blur":4,"spread":0,"color":"rgba(0, 0, 0, 0.08)"},"box_shadow_hover_box_shadow_type":"yes","box_shadow_hover_box_shadow":{"horizontal":0,"vertical":4,"blur":8,"spread":0,"color":"rgba(0, 0, 0, 0.1)"},"margin":{"unit":"px","top":"0","right":"25","bottom":"0","left":"25","isLinked":false},"margin_tablet":{"unit":"px","top":"0","right":"15","bottom":"0","left":"15","isLinked":false},"margin_mobile":{"unit":"px","top":"0","right":"10","bottom":"0","left":"10","isLinked":false},"padding":{"unit":"px","top":"0","right":"0","bottom":"30","left":"0","isLinked":false},"padding_tablet":{"unit":"px","top":"0","right":"0","bottom":"20","left":"0","isLinked":false},"padding_mobile":{"unit":"px","top":"0","right":"0","bottom":"20","left":"0","isLinked":false},"_inline_size_tablet":50,"_inline_size_mobile":50},"elements":[{"id":"59f13da8","settings":{"image":{"url":"https:\/\/preview.tutorlms.com\/elementor-marketplace\/wp-content\/uploads\/sites\/7\/2021\/04\/instructor14.png","id":960},"image_border_radius":{"unit":"px","top":"8","right":"8","bottom":"0","left":"0","isLinked":false}},"elements":[],"isInner":false,"widgetType":"image","elType":"widget"},{"id":"6773cb9b","settings":{"title":"Courtney Henry","title_color":"#0A083B","typography_typography":"custom","typography_font_family":"Inter","typography_font_size":{"unit":"px","size":16,"sizes":[]},"typography_font_size_tablet":{"unit":"px","size":15,"sizes":[]},"typography_font_weight":"600","typography_line_height":{"unit":"em","size":1.5,"sizes":[]},"_margin":{"unit":"px","top":"0","right":"0","bottom":"0","left":"0","isLinked":false},"_margin_tablet":{"unit":"px","top":"0","right":"0","bottom":"0","left":"0","isLinked":false},"_padding":{"unit":"px","top":"0","right":"0","bottom":"0","left":"25","isLinked":false},"_padding_tablet":{"unit":"px","top":"0","right":"0","bottom":"0","left":"15","isLinked":false}},"elements":[],"isInner":false,"widgetType":"heading","elType":"widget"},{"id":"56ae7b72","settings":{"editor":"<p>Assistant Professor<\/p>","text_color":"#57586E","typography_typography":"custom","typography_font_family":"Inter","typography_font_size":{"unit":"px","size":14,"sizes":[]},"typography_font_size_tablet":{"unit":"px","size":13,"sizes":[]},"typography_font_weight":"400","typography_line_height":{"unit":"em","size":1.5,"sizes":[]},"_margin":{"unit":"px","top":"-15","right":"0","bottom":"0","left":"0","isLinked":false},"_padding":{"unit":"px","top":"0","right":"0","bottom":"0","left":"25","isLinked":false},"_padding_tablet":{"unit":"px","top":"0","right":"0","bottom":"0","left":"15","isLinked":false}},"elements":[],"isInner":false,"widgetType":"text-editor","elType":"widget"}],"isInner":false,"elType":"column"},{"id":"38dfea95","settings":{"_column_size":25,"_inline_size":null,"border_radius":{"unit":"px","top":"8","right":"8","bottom":"8","left":"8","isLinked":false},"box_shadow_box_shadow_type":"yes","box_shadow_box_shadow":{"horizontal":0,"vertical":2,"blur":4,"spread":0,"color":"rgba(0, 0, 0, 0.08)"},"box_shadow_hover_box_shadow_type":"yes","box_shadow_hover_box_shadow":{"horizontal":0,"vertical":4,"blur":8,"spread":0,"color":"rgba(0, 0, 0, 0.1)"},"margin":{"unit":"px","top":"0","right":"25","bottom":"0","left":"25","isLinked":false},"margin_tablet":{"unit":"px","top":"30","right":"15","bottom":"0","left":"15","isLinked":false},"margin_mobile":{"unit":"px","top":"20","right":"10","bottom":"0","left":"10","isLinked":false},"padding":{"unit":"px","top":"0","right":"0","bottom":"30","left":"0","isLinked":false},"padding_tablet":{"unit":"px","top":"0","right":"0","bottom":"20","left":"0","isLinked":false},"padding_mobile":{"unit":"px","top":"0","right":"0","bottom":"20","left":"0","isLinked":false},"_inline_size_tablet":50,"_inline_size_mobile":50},"elements":[{"id":"50868f93","settings":{"image":{"url":"https:\/\/preview.tutorlms.com\/elementor-marketplace\/wp-content\/uploads\/sites\/7\/2021\/04\/instructor16.png","id":962},"image_border_radius":{"unit":"px","top":"8","right":"8","bottom":"0","left":"0","isLinked":false}},"elements":[],"isInner":false,"widgetType":"image","elType":"widget"},{"id":"3e7ae8e3","settings":{"title":"Jane Cooper","title_color":"#0A083B","typography_typography":"custom","typography_font_family":"Inter","typography_font_size":{"unit":"px","size":16,"sizes":[]},"typography_font_size_tablet":{"unit":"px","size":15,"sizes":[]},"typography_font_weight":"600","typography_line_height":{"unit":"em","size":1.5,"sizes":[]},"_margin":{"unit":"px","top":"0","right":"0","bottom":"0","left":"0","isLinked":false},"_margin_tablet":{"unit":"px","top":"0","right":"0","bottom":"0","left":"0","isLinked":false},"_padding":{"unit":"px","top":"0","right":"0","bottom":"0","left":"25","isLinked":false},"_padding_tablet":{"unit":"px","top":"0","right":"0","bottom":"0","left":"15","isLinked":false}},"elements":[],"isInner":false,"widgetType":"heading","elType":"widget"},{"id":"3c273298","settings":{"editor":"<p>Visual Artist<\/p>","text_color":"#57586E","typography_typography":"custom","typography_font_family":"Inter","typography_font_size":{"unit":"px","size":14,"sizes":[]},"typography_font_size_tablet":{"unit":"px","size":13,"sizes":[]},"typography_font_weight":"400","typography_line_height":{"unit":"em","size":1.5,"sizes":[]},"_margin":{"unit":"px","top":"-15","right":"0","bottom":"0","left":"0","isLinked":false},"_padding":{"unit":"px","top":"0","right":"0","bottom":"0","left":"25","isLinked":false},"_padding_tablet":{"unit":"px","top":"0","right":"0","bottom":"0","left":"15","isLinked":false}},"elements":[],"isInner":false,"widgetType":"text-editor","elType":"widget"}],"isInner":false,"elType":"column"},{"id":"7106d08c","settings":{"_column_size":25,"_inline_size":null,"border_radius":{"unit":"px","top":"8","right":"8","bottom":"8","left":"8","isLinked":false},"box_shadow_box_shadow_type":"yes","box_shadow_box_shadow":{"horizontal":0,"vertical":2,"blur":4,"spread":0,"color":"rgba(0, 0, 0, 0.08)"},"box_shadow_hover_box_shadow_type":"yes","box_shadow_hover_box_shadow":{"horizontal":0,"vertical":4,"blur":8,"spread":0,"color":"rgba(0, 0, 0, 0.1)"},"margin":{"unit":"px","top":"0","right":"25","bottom":"0","left":"25","isLinked":false},"margin_tablet":{"unit":"px","top":"30","right":"15","bottom":"0","left":"15","isLinked":false},"margin_mobile":{"unit":"px","top":"20","right":"10","bottom":"0","left":"10","isLinked":false},"padding":{"unit":"px","top":"0","right":"0","bottom":"30","left":"0","isLinked":false},"padding_tablet":{"unit":"px","top":"0","right":"0","bottom":"20","left":"0","isLinked":false},"padding_mobile":{"unit":"px","top":"0","right":"0","bottom":"20","left":"0","isLinked":false},"_inline_size_tablet":50,"_inline_size_mobile":50},"elements":[{"id":"6ee0b16d","settings":{"image":{"url":"https:\/\/preview.tutorlms.com\/elementor-marketplace\/wp-content\/uploads\/sites\/7\/2021\/04\/instructor15.png","id":961},"image_border_radius":{"unit":"px","top":"8","right":"8","bottom":"0","left":"0","isLinked":false}},"elements":[],"isInner":false,"widgetType":"image","elType":"widget"},{"id":"4e6fa1fb","settings":{"title":"Esther Howard","title_color":"#0A083B","typography_typography":"custom","typography_font_family":"Inter","typography_font_size":{"unit":"px","size":16,"sizes":[]},"typography_font_size_tablet":{"unit":"px","size":15,"sizes":[]},"typography_font_weight":"600","typography_line_height":{"unit":"em","size":1.5,"sizes":[]},"_margin":{"unit":"px","top":"0","right":"0","bottom":"0","left":"0","isLinked":false},"_margin_tablet":{"unit":"px","top":"0","right":"0","bottom":"0","left":"0","isLinked":false},"_padding":{"unit":"px","top":"0","right":"0","bottom":"0","left":"25","isLinked":false},"_padding_tablet":{"unit":"px","top":"0","right":"0","bottom":"0","left":"15","isLinked":false}},"elements":[],"isInner":false,"widgetType":"heading","elType":"widget"},{"id":"59fcae66","settings":{"editor":"<p>Assistant Professor<\/p>","text_color":"#57586E","typography_typography":"custom","typography_font_family":"Inter","typography_font_size":{"unit":"px","size":14,"sizes":[]},"typography_font_size_tablet":{"unit":"px","size":13,"sizes":[]},"typography_font_weight":"400","typography_line_height":{"unit":"em","size":1.5,"sizes":[]},"_margin":{"unit":"px","top":"-15","right":"0","bottom":"0","left":"0","isLinked":false},"_padding":{"unit":"px","top":"0","right":"0","bottom":"0","left":"25","isLinked":false},"_padding_tablet":{"unit":"px","top":"0","right":"0","bottom":"0","left":"15","isLinked":false}},"elements":[],"isInner":false,"widgetType":"text-editor","elType":"widget"}],"isInner":false,"elType":"column"}],"isInner":false,"elType":"section"},{"id":"59a65713","settings":{"content_position":"top","structure":"20","background_background":"classic","background_color":"#EAF1F8","margin":{"unit":"px","top":"0","right":0,"bottom":"0","left":0,"isLinked":false},"margin_tablet":{"unit":"px","top":"0","right":0,"bottom":"0","left":0,"isLinked":false},"margin_mobile":{"unit":"%","top":"0","right":0,"bottom":"0","left":0,"isLinked":false},"padding":{"unit":"px","top":"140","right":"0","bottom":"45","left":"0","isLinked":false},"padding_tablet":{"unit":"px","top":"70","right":"20","bottom":"70","left":"20","isLinked":false},"padding_mobile":{"unit":"px","top":"50","right":"15","bottom":"50","left":"15","isLinked":false},"content_width":{"unit":"px","size":1040,"sizes":[]}},"elements":[{"id":"2299698a","settings":{"_column_size":50,"_inline_size":50,"margin":{"unit":"px","top":"0","right":"0","bottom":"0","left":"0","isLinked":false},"margin_tablet":{"unit":"px","top":"0","right":"0","bottom":"0","left":"0","isLinked":false},"padding":{"unit":"px","top":"0","right":"150","bottom":"0","left":"0","isLinked":false},"padding_tablet":{"unit":"px","top":"0","right":"30","bottom":"0","left":"0","isLinked":false},"background_background":"classic"},"elements":[{"id":"298353a3","settings":{"title":"Become an instructor","title_color":"#0A083B","typography_typography":"custom","typography_font_family":"Poppins","typography_font_size":{"unit":"px","size":32,"sizes":[]},"typography_font_size_tablet":{"unit":"px","size":28,"sizes":[]},"typography_font_size_mobile":{"unit":"px","size":24,"sizes":[]},"typography_font_weight":"700","typography_line_height":{"unit":"em","size":1.5,"sizes":[]},"_margin":{"unit":"px","top":"0","right":"0","bottom":"0","left":"0","isLinked":false},"_margin_tablet":{"unit":"px","top":"0","right":"0","bottom":"0","left":"0","isLinked":false},"_margin_mobile":{"unit":"px","top":"0","right":"0","bottom":"0","left":"0","isLinked":false},"_padding":{"unit":"px","top":"0","right":"0","bottom":"0","left":"0","isLinked":false},"_padding_tablet":{"unit":"px","top":"10","right":"0","bottom":"0","left":"0","isLinked":false},"_padding_mobile":{"unit":"px","top":"05","right":"0","bottom":"0","left":"0","isLinked":false}},"elements":[],"isInner":false,"widgetType":"heading","elType":"widget"},{"id":"458221a5","settings":{"editor":"<p>Share your knowledge and make a living doing what you love.<\/p>","text_color":"#57586E","typography_typography":"custom","typography_font_family":"Inter","typography_font_size":{"unit":"px","size":18,"sizes":[]},"typography_font_size_tablet":{"unit":"px","size":16,"sizes":[]},"typography_font_weight":"400","typography_line_height":{"unit":"em","size":1.72,"sizes":[]},"_margin":{"unit":"px","top":"0","right":"0","bottom":"0","left":"0","isLinked":false},"_margin_tablet":{"unit":"px","top":"0","right":"0","bottom":"0","left":"0","isLinked":false},"_margin_mobile":{"unit":"px","top":"0","right":"0","bottom":"0","left":"0","isLinked":false},"_padding":{"unit":"px","top":"0","right":"0","bottom":"0","left":"0","isLinked":false},"_padding_tablet":{"unit":"px","top":"0","right":"0","bottom":"0","left":"0","isLinked":false},"_padding_mobile":{"unit":"px","top":"0","right":"0","bottom":"0","left":"0","isLinked":false}},"elements":[],"isInner":false,"widgetType":"text-editor","elType":"widget"},{"id":"3e1bfce5","settings":{"text":"Become an instructor","typography_typography":"custom","typography_font_family":"Inter","typography_font_size":{"unit":"px","size":16,"sizes":[]},"typography_font_size_tablet":{"unit":"px","size":14,"sizes":[]},"typography_font_weight":"600","typography_line_height":{"unit":"em","size":1.32,"sizes":[]},"button_text_color":"#FFFFFF","background_color":"#1950D1","hover_color":"#FFFFFF","button_background_hover_color":"#1950D1","border_radius":{"unit":"px","top":"33","right":"33","bottom":"33","left":"33","isLinked":true},"text_padding":{"unit":"px","top":"15","right":"35","bottom":"15","left":"35","isLinked":false},"text_padding_tablet":{"unit":"px","top":"12","right":"28","bottom":"12","left":"28","isLinked":false},"_margin":{"unit":"px","top":"0","right":"0","bottom":"0","left":"0","isLinked":false},"_margin_tablet":{"unit":"px","top":"0","right":"0","bottom":"0","left":"0","isLinked":false},"_margin_mobile":{"unit":"px","top":"0","right":"0","bottom":"0","left":"0","isLinked":false},"_padding":{"unit":"px","top":"15","right":"0","bottom":"0","left":"0","isLinked":false},"_padding_tablet":{"unit":"px","top":"10","right":"0","bottom":"0","left":"0","isLinked":false},"_padding_mobile":{"unit":"px","top":"10","right":"0","bottom":"0","left":"0","isLinked":false},"align":"left","align_tablet":"left","align_mobile":"left","border_border":"solid","border_width":{"unit":"px","top":"1.4","right":"1.4","bottom":"1.4","left":"1.4","isLinked":true},"border_color":"#1950D1","button_hover_border_color":"#1950D1"},"elements":[],"isInner":false,"widgetType":"button","elType":"widget"}],"isInner":false,"elType":"column"},{"id":"73fda5f2","settings":{"_column_size":50,"_inline_size":50,"margin_mobile":{"unit":"px","top":"0","right":"0","bottom":"0","left":"0","isLinked":false},"padding_mobile":{"unit":"px","top":"30","right":"10","bottom":"0","left":"10","isLinked":false},"margin":{"unit":"px","top":"0","right":"0","bottom":"0","left":"0","isLinked":false},"padding":{"unit":"px","top":"0","right":"0","bottom":"0","left":"0","isLinked":false}},"elements":[{"id":"6191c2f","settings":{"image":{"url":"https:\/\/preview.tutorlms.com\/elementor-marketplace\/wp-content\/uploads\/sites\/7\/2021\/04\/instructor_demo.png","id":1016},"align":"left","image_border_radius":{"unit":"px","top":"8","right":"8","bottom":"8","left":"8","isLinked":true},"image_box_shadow_box_shadow":{"horizontal":5,"vertical":10,"blur":15,"spread":0,"color":"rgba(0, 0, 0, 0.1)"},"_margin":{"unit":"%","top":"-40","right":"0","bottom":"0","left":"0","isLinked":false},"_margin_tablet":{"unit":"%","top":"-30","right":"0","bottom":"0","left":"0","isLinked":false},"_margin_mobile":{"unit":"px","top":"0","right":"0","bottom":"0","left":"0","isLinked":false},"_padding":{"unit":"px","top":"0","right":"0","bottom":"0","left":"0","isLinked":false},"_padding_tablet":{"unit":"px","top":"0","right":"0","bottom":"0","left":"0","isLinked":false},"_padding_mobile":{"unit":"px","top":"0","right":"0","bottom":"0","left":"0","isLinked":false},"align_tablet":"left","align_mobile":"center","image_box_shadow_box_shadow_type":"yes"},"elements":[],"isInner":false,"widgetType":"image","elType":"widget"}],"isInner":false,"elType":"column"}],"isInner":false,"elType":"section"}],"page_settings":[],"version":"0.4","title":"Instructors - Tutor 2023","type":"page"}